
{
	"lm_unopt_senva_large": {
		"alpha": 2.504105614229454,
		"beta": 2.349839144592003, 
		"score": 0.3016157989228007
	},

	"lm_unopt_apollo11_senva_large": {
		"alpha": 2.3464642590639166, 
		"beta": 1.0261397277723683, 
		"score": 0.33213644524236985
	},

	"lm_unopt_senva_small": {
		"alpha": 0.931289039105002,
		"beta": 1.1834137581510284
	}
}